date,yield
"Oct 23, 2025",+0.33%
"Oct 22, 2025",-1.47%
"Oct 21, 2025",-1.21%
"Oct 20, 2025",+2.61%
"Oct 17, 2025",-1.82%
"Oct 16, 2025",+1.68%
"Oct 15, 2025",+0.17%
"Oct 14, 2025",-3.49%
"Oct 13, 2025",+0.49%
"Oct 10, 2025",0.00%
"Oct 09, 2025",-0.49%
"Oct 08, 2025",+1.90%
"Oct 07, 2025",+1.34%
"Oct 06, 2025",-2.37%
"Oct 03, 2025",-1.37%
"Oct 02, 2025",+0.49%
"Oct 01, 2025",+0.16%
"Sep 30, 2025",+0.49%
"Sep 29, 2025",-0.24%
"Sep 26, 2025",-0.16%
"Sep 25, 2025",+0.82%
"Sep 24, 2025",-0.33%
"Sep 23, 2025",-0.41%
"Sep 22, 2025",+2.41%
"Sep 19, 2025",+4.25%
"Sep 17, 2025",+0.26%
"Sep 16, 2025",+1.40%
"Sep 15, 2025",+0.09%
"Sep 12, 2025",+1.79%
"Sep 11, 2025",+0.54%
"Sep 10, 2025",+1.37%
"Sep 09, 2025",0.00%
"Sep 08, 2025",-0.90%
"Sep 05, 2025",-2.72%
"Sep 04, 2025",-1.81%
"Sep 03, 2025",+1.05%
"Sep 02, 2025",-1.80%
"Sep 01, 2025",+1.56%
"Aug 29, 2025",-0.69%
"Aug 28, 2025",-0.17%
"Aug 21, 2025",+0.09%
"Aug 20, 2025",+0.35%
"Aug 19, 2025",+1.70%
"Aug 18, 2025",+0.72%
"Aug 15, 2025",+0.27%
"Aug 14, 2025",+3.75%
"Aug 13, 2025",+2.79%
"Aug 12, 2025",+0.10%
"Aug 11, 2025",+0.19%
"Aug 08, 2025",+1.17%
"Aug 07, 2025",-0.29%
"Aug 06, 2025",+1.88%
"Aug 05, 2025",-1.66%
"Aug 04, 2025",-5.44%
"Aug 01, 2025",-0.37%
"Jul 31, 2025",-0.46%
"Jul 30, 2025",-1.18%
"Jul 29, 2025",+1.08%
"Jul 28, 2025",-3.22%
"Jul 25, 2025",+1.23%
"Jul 24, 2025",+1.34%
"Jul 23, 2025",+9.48%
"Jul 22, 2025",-1.92%
"Jul 21, 2025",-0.10%
"Jul 18, 2025",-1.02%
"Jul 17, 2025",+0.09%
"Jul 16, 2025",-0.37%
"Jul 15, 2025",+0.19%
"Jul 14, 2025",+4.26%
"Jul 11, 2025",-0.68%
"Jul 10, 2025",-0.39%
"Jul 09, 2025",+5.18%
"Jul 08, 2025",-0.93%
"Jul 07, 2025",+0.21%
"Jul 04, 2025",-2.13%
"Jul 03, 2025",-0.10%
"Jul 02, 2025",-0.21%
"Jul 01, 2025",-1.94%
"Jun 30, 2025",+0.92%
"Jun 27, 2025",-0.41%
"Jun 26, 2025",+0.74%
"Jun 25, 2025",-1.34%
"Jun 24, 2025",+0.31%
"Jun 23, 2025",+1.89%
"Jun 20, 2025",+0.10%
"Jun 19, 2025",-1.71%
"Jun 18, 2025",-1.38%
"Jun 17, 2025",-0.30%
"Jun 16, 2025",+3.11%
"Jun 13, 2025",-4.10%
"Jun 12, 2025",-1.87%
"Jun 11, 2025",+0.19%
"Jun 10, 2025",+0.58%
"Jun 09, 2025",+0.89%
"Jun 06, 2025",+0.60%
"Jun 05, 2025",-1.53%
"Jun 04, 2025",+0.59%
"Jun 03, 2025",+0.78%
"Jun 02, 2025",+1.57%
"May 30, 2025",-2.13%
"May 29, 2025",-0.86%
"May 28, 2025",+4.09%
"May 27, 2025",-1.09%
"May 26, 2025",-1.37%
"May 25, 2025",-1.36%
"May 23, 2025",+0.10%
"May 22, 2025",+0.69%
"May 21, 2025",+1.29%
"May 20, 2025",+0.90%
"May 19, 2025",+0.71%
"May 18, 2025",+1.22%
"May 16, 2025",-2.00%
"May 15, 2025",+3.09%
"May 14, 2025",-1.02%
"May 13, 2025",+7.10%
"May 12, 2025",+3.98%
"May 09, 2025",+1.62%
"May 08, 2025",+2.36%
"May 07, 2025",+2.55%
"May 02, 2025",-2.14%
"May 01, 2025",-4.96%
"Apr 30, 2025",-0.78%
"Apr 28, 2025",-0.67%
"Apr 25, 2025",+2.27%
"Apr 24, 2025",-2.44%
"Apr 23, 2025",+2.97%
"Apr 22, 2025",+3.30%
"Apr 21, 2025",+0.71%
"Apr 18, 2025",-3.00%
"Apr 17, 2025",+3.33%
"Apr 16, 2025",-5.08%
"Apr 15, 2025",+8.59%
"Apr 14, 2025",-4.23%
"Apr 11, 2025",-6.89%
"Apr 10, 2025",+8.81%
"Apr 09, 2025",-2.10%
"Apr 08, 2025",+15.01%
"Apr 07, 2025",-4.48%
"Apr 04, 2025",-19.65%
"Apr 03, 2025",-10.17%
"Apr 02, 2025",-2.08%
"Apr 01, 2025",+0.64%
"Mar 31, 2025",-4.77%
"Mar 28, 2025",-2.62%
"Mar 27, 2025",+0.42%
"Mar 26, 2025",+0.68%
"Mar 25, 2025",+3.08%
"Mar 24, 2025",+1.43%
"Mar 21, 2025",+0.54%
"Mar 19, 2025",+1.46%
"Mar 18, 2025",-0.18%
"Mar 17, 2025",-2.05%
"Mar 14, 2025",-2.43%
"Mar 13, 2025",+1.86%
"Mar 12, 2025",+1.89%
"Mar 11, 2025",-3.98%
"Mar 10, 2025",+3.22%
"Mar 07, 2025",-0.36%
"Mar 06, 2025",+4.95%
"Mar 05, 2025",+0.66%
"Mar 04, 2025",+2.11%
"Mar 03, 2025",+3.69%
"Feb 28, 2025",-3.37%
"Feb 27, 2025",+1.86%
"Feb 26, 2025",-0.97%
"Feb 25, 2025",-2.28%
"Feb 21, 2025",-2.41%
"Feb 20, 2025",+0.65%
"Feb 19, 2025",-1.29%
"Feb 18, 2025",+3.43%
"Feb 17, 2025",+4.68%
"Feb 14, 2025",+0.40%
"Feb 13, 2025",+0.10%
"Feb 12, 2025",+1.22%
"Feb 10, 2025",+0.41%
"Feb 07, 2025",+4.80%
"Feb 06, 2025",-0.21%
"Feb 05, 2025",+1.62%
"Feb 04, 2025",+2.78%
"Feb 03, 2025",-0.77%
"Jan 31, 2025",+2.95%
"Jan 30, 2025",+1.38%
"Jan 29, 2025",+0.46%
"Jan 28, 2025",-2.70%
"Jan 27, 2025",-1.88%
"Jan 24, 2025",+2.95%
"Jan 23, 2025",+1.03%
"Jan 22, 2025",+2.71%
"Jan 21, 2025",-0.35%
"Jan 20, 2025",-1.16%
"Jan 17, 2025",-0.69%
"Jan 16, 2025",-2.91%
"Jan 15, 2025",+4.69%
"Jan 14, 2025",+3.65%
"Jan 10, 2025",+2.36%
"Jan 09, 2025",-0.62%
"Jan 08, 2025",+2.66%
"Jan 07, 2025",+1.16%
"Jan 06, 2025",+5.13%
"Dec 30, 2024",-1.46%
"Dec 27, 2024",+1.62%
"Dec 26, 2024",+2.92%
"Dec 25, 2024",-0.69%
"Dec 24, 2024",+1.12%
"Dec 23, 2024",+1.70%
"Dec 20, 2024",-4.74%
"Dec 19, 2024",+2.64%
"Dec 18, 2024",-1.64%
"Dec 17, 2024",+2.09%
"Dec 16, 2024",+3.46%
"Dec 13, 2024",-2.94%
"Dec 12, 2024",-2.06%
"Dec 11, 2024",+0.69%
"Dec 10, 2024",+1.83%
"Dec 09, 2024",-2.07%
"Dec 06, 2024",-0.82%
"Dec 05, 2024",+2.52%
"Dec 04, 2024",-3.90%
"Dec 03, 2024",-0.93%
"Dec 02, 2024",+3.59%
"Nov 29, 2024",+0.28%
"Nov 28, 2024",-2.70%
"Nov 27, 2024",+1.37%
"Nov 26, 2024",-0.68%
"Nov 25, 2024",-0.54%
"Nov 22, 2024",-1.07%
"Nov 21, 2024",+5.05%
"Nov 20, 2024",+1.28%
"Nov 19, 2024",-0.28%
"Nov 18, 2024",+0.14%
"Nov 15, 2024",+1.73%
"Nov 14, 2024",+1.46%
"Nov 13, 2024",+4.43%
"Nov 12, 2024",+2.51%
"Nov 11, 2024",-0.78%
"Nov 08, 2024",-0.16%
"Nov 07, 2024",+5.40%
"Nov 06, 2024",+6.08%
"Nov 05, 2024",-1.71%
"Nov 01, 2024",+2.81%
"Oct 31, 2024",-2.06%
"Oct 30, 2024",-1.85%
"Oct 29, 2024",0.00%
"Oct 28, 2024",+2.60%
"Oct 25, 2024",-0.86%
"Oct 24, 2024",-2.02%
"Oct 23, 2024",-0.83%
"Oct 22, 2024",+4.17%
"Oct 21, 2024",-0.69%
"Oct 20, 2024",-1.86%
"Oct 18, 2024",+0.68%
"Oct 17, 2024",+1.38%
"Oct 16, 2024",-2.20%
"Oct 15, 2024",+1.37%
"Oct 14, 2024",+1.21%
"Oct 11, 2024",+2.49%
"Oct 10, 2024",+2.18%
"Oct 09, 2024",+1.10%
"Oct 08, 2024",+0.74%
"Oct 07, 2024",+5.66%
"Oct 06, 2024",+4.28%
"Oct 04, 2024",+2.08%
"Oct 03, 2024",+0.63%
"Oct 02, 2024",-4.21%
"Oct 01, 2024",-0.20%
"Sep 30, 2024",-0.20%
"Sep 29, 2024",+14.65%
"Sep 27, 2024",-5.82%
"Sep 26, 2024",0.00%
"Sep 25, 2024",+0.87%
"Sep 24, 2024",-3.56%
"Sep 23, 2024",-5.73%
"Sep 20, 2024",+2.22%
"Sep 19, 2024",+3.13%
"Sep 18, 2024",-1.84%
"Sep 17, 2024",+0.82%
"Sep 16, 2024",-3.00%
"Sep 13, 2024",-1.19%
"Sep 12, 2024",+2.22%
"Sep 11, 2024",-5.53%
"Sep 10, 2024",+0.77%
"Sep 09, 2024",+1.56%
"Sep 08, 2024",+3.43%
"Sep 06, 2024",-1.79%
"Sep 05, 2024",-1.18%
"Sep 04, 2024",-3.95%
"Sep 03, 2024",+3.31%
"Sep 02, 2024",+3.21%
"Aug 30, 2024",0.00%
"Aug 29, 2024",-1.58%
"Aug 28, 2024",+1.81%
"Aug 27, 2024",+1.22%
"Aug 26, 2024",+0.41%
"Aug 25, 2024",-3.36%
"Aug 23, 2024",+3.48%
"Aug 22, 2024",+2.95%
"Aug 21, 2024",-5.00%
"Aug 20, 2024",-2.15%
"Aug 19, 2024",+2.40%
"Aug 18, 2024",+1.01%
"Aug 16, 2024",+9.53%
"Aug 15, 2024",+7.13%
"Aug 14, 2024",-3.88%
"Aug 13, 2024",+2.34%
"Aug 12, 2024",-2.73%
"Aug 09, 2024",+7.58%
"Aug 08, 2024",-0.97%
"Aug 07, 2024",-4.18%
"Aug 06, 2024",+15.55%
"Aug 05, 2024",-25.55%
"Aug 04, 2024",-14.07%
"Aug 02, 2024",-10.99%
"Aug 01, 2024",-1.65%
"Jul 31, 2024",+13.27%
"Jul 30, 2024",-2.16%
"Jul 29, 2024",-2.28%
"Jul 28, 2024",-2.07%
"Jul 26, 2024",-1.10%
"Jul 25, 2024",+2.75%
"Jul 24, 2024",+2.49%
"Jul 23, 2024",+1.69%
"Jul 22, 2024",+1.37%
"Jul 21, 2024",-0.51%
"Jul 19, 2024",+0.51%
"Jul 18, 2024",+2.45%
"Jul 17, 2024",+1.06%
"Jul 16, 2024",-3.25%
"Jul 15, 2024",0.00%
"Jul 12, 2024",-4.11%
"Jul 11, 2024",+1.50%
"Jul 10, 2024",+4.53%
"Jul 09, 2024",-3.37%
"Jul 08, 2024",+2.95%
"Jul 07, 2024",-0.52%
"Jul 05, 2024",0.00%
"Jul 04, 2024",-2.36%
"Jul 03, 2024",-1.66%
"Jul 02, 2024",+1.34%
"Jul 01, 2024",+0.17%
"Jun 30, 2024",+2.06%
"Jun 28, 2024",-2.83%
"Jun 27, 2024",+8.30%
"Jun 26, 2024",+1.84%
"Jun 25, 2024",0.00%
"Jun 24, 2024",-0.55%
"Jun 23, 2024",+0.92%
"Jun 21, 2024",+5.24%
"Jun 20, 2024",+0.98%
"Jun 19, 2024",-0.97%
"Jun 18, 2024",+1.98%
"Jun 17, 2024",-0.59%
"Jun 16, 2024",-1.36%
"Jun 14, 2024",-6.36%
"Jun 13, 2024",-1.61%
"Jun 12, 2024",-5.73%
"Jun 11, 2024",-1.33%
"Jun 10, 2024",+3.09%
"Jun 09, 2024",+4.86%
"Jun 07, 2024",+2.39%
"Jun 06, 2024",-3.72%
"Jun 05, 2024",-6.00%
"Jun 04, 2024",-5.36%
"Jun 03, 2024",+0.63%
"Jun 02, 2024",-1.56%
"May 31, 2024",+1.59%
"May 30, 2024",-0.63%
"May 29, 2024",+6.55%
"May 28, 2024",0.00%
"May 27, 2024",+2.06%
"May 26, 2024",-0.85%
"May 24, 2024",+0.86%
"May 23, 2024",-0.34%
"May 22, 2024",+1.92%
"May 21, 2024",-0.35%
"May 20, 2024",+3.23%
"May 19, 2024",+1.64%
"May 17, 2024",+3.98%
"May 16, 2024",-5.04%
"May 15, 2024",-0.89%
"May 14, 2024",+3.31%
"May 13, 2024",+4.62%
"May 12, 2024",-0.38%
"May 10, 2024",+0.97%
"May 09, 2024",+6.61%
"May 08, 2024",+2.98%
"May 07, 2024",+1.29%
"May 06, 2024",-5.11%
"May 02, 2024",+0.20%
"May 01, 2024",+3.61%
"Apr 30, 2024",+0.21%
"Apr 29, 2024",-7.30%
"Apr 26, 2024",+1.81%
"Apr 25, 2024",+0.81%
"Apr 24, 2024",-0.20%
"Apr 23, 2024",+1.02%
"Apr 22, 2024",+4.03%
"Apr 21, 2024",+3.97%
"Apr 19, 2024",-4.63%
"Apr 18, 2024",-3.65%
"Apr 17, 2024",+0.41%
"Apr 16, 2024",+1.45%
"Apr 15, 2024",+2.11%
"Apr 14, 2024",-3.27%
"Apr 12, 2024",+1.66%
"Apr 11, 2024",+12.62%
"Apr 10, 2024",+10.03%
"Apr 09, 2024",-0.51%
"Apr 08, 2024",+0.51%
"Apr 07, 2024",+2.64%
"Apr 05, 2024",+1.88%
"Apr 04, 2024",+3.05%
"Apr 03, 2024",-2.96%
"Apr 02, 2024",+1.09%
"Apr 01, 2024",+1.94%
"Mar 31, 2024",+1.98%
"Mar 29, 2024",+1.43%
"Mar 28, 2024",-3.86%
"Mar 27, 2024",-4.47%
"Mar 26, 2024",0.00%
"Mar 25, 2024",+0.26%
"Mar 24, 2024",-3.07%
"Mar 22, 2024",+0.77%
"Mar 21, 2024",+7.18%
"Mar 20, 2024",+0.56%
"Mar 19, 2024",-2.96%
"Mar 18, 2024",-1.98%
"Mar 17, 2024",-0.66%
"Mar 15, 2024",+1.33%
"Mar 14, 2024",+0.53%
"Mar 13, 2024",-0.27%
"Mar 12, 2024",-1.06%
"Mar 11, 2024",-3.93%
"Mar 10, 2024",+3.27%
"Mar 08, 2024",-0.78%
"Mar 07, 2024",+3.77%
"Mar 06, 2024",+2.77%
"Mar 05, 2024",-1.37%
"Mar 04, 2024",+1.53%
"Mar 03, 2024",-2.83%
"Mar 01, 2024",+0.82%
"Feb 29, 2024",+4.84%
"Feb 28, 2024",+1.45%
"Feb 27, 2024",0.00%
"Feb 26, 2024",-1.42%
"Feb 25, 2024",-2.50%
"Feb 22, 2024",0.00%
"Feb 21, 2024",0.00%
"Feb 20, 2024",+1.98%
"Feb 19, 2024",+1.88%
"Feb 18, 2024",-1.00%
"Feb 16, 2024",+4.48%
"Feb 15, 2024",-7.20%
"Feb 14, 2024",+7.76%
"Feb 13, 2024",+1.67%
"Feb 12, 2024",+2.33%
"Feb 09, 2024",+5.23%
"Feb 08, 2024",-2.55%
"Feb 07, 2024",-0.95%
"Feb 06, 2024",-0.94%
"Feb 05, 2024",+4.92%
"Feb 04, 2024",+9.32%
"Feb 02, 2024",-1.76%
"Feb 01, 2024",-8.97%
"Jan 31, 2024",+6.48%
"Jan 30, 2024",-2.98%
"Jan 29, 2024",+5.04%
"Jan 28, 2024",-3.52%
"Jan 26, 2024",-8.87%
"Jan 25, 2024",+3.48%
"Jan 24, 2024",+33.90%
"Jan 23, 2024",-2.48%
"Jan 22, 2024",-1.83%
"Jan 21, 2024",-4.09%
"Jan 19, 2024",+2.80%
"Jan 18, 2024",+17.92%
"Jan 17, 2024",+17.78%
"Jan 16, 2024",+10.43%
"Jan 15, 2024",+0.31%
"Jan 14, 2024",-10.22%
"Jan 12, 2024",-1.63%
"Jan 11, 2024",-5.15%
"Jan 10, 2024",+2.65%
"Jan 09, 2024",-4.06%
"Jan 08, 2024",-1.99%
"Jan 05, 2024",-6.51%
"Jan 04, 2024",-3.80%
"Jan 03, 2024",+1.59%
"Dec 29, 2023",+12.24%
"Dec 28, 2023",-7.11%
"Dec 27, 2023",-13.88%
"Dec 26, 2023",+4.26%
"Dec 25, 2023",-1.67%
"Dec 24, 2023",-4.02%
"Dec 22, 2023",+13.18%
"Dec 21, 2023",+10.00%
"Dec 20, 2023",-25.65%
"Dec 19, 2023",-5.94%
"Dec 18, 2023",-6.99%
"Dec 17, 2023",-2.69%
"Dec 15, 2023",+12.06%
"Dec 14, 2023",+2.92%
"Dec 13, 2023",-11.90%
"Dec 12, 2023",-13.61%
"Dec 11, 2023",-3.49%
"Dec 10, 2023",+4.48%
"Dec 08, 2023",+5.62%
"Dec 07, 2023",+37.96%
"Dec 06, 2023",-5.41%
"Dec 05, 2023",+1.57%
"Dec 04, 2023",+8.74%
"Dec 03, 2023",-11.84%
"Dec 01, 2023",+2.31%
"Nov 30, 2023",-1.52%
"Nov 29, 2023",-19.27%
"Nov 28, 2023",-5.49%
"Nov 27, 2023",-0.86%
"Nov 26, 2023",-1.69%
"Nov 24, 2023",+12.16%
"Nov 23, 2023",+2.43%
"Nov 22, 2023",+11.96%
"Nov 21, 2023",-10.97%
"Nov 20, 2023",-3.28%
"Nov 19, 2023",0.00%
"Nov 17, 2023",-11.11%
"Nov 16, 2023",-0.28%
"Nov 15, 2023",-10.20%
"Nov 14, 2023",-6.73%
"Nov 13, 2023",+2.38%
"Nov 12, 2023",+0.24%
"Nov 10, 2023",+3.45%
"Nov 09, 2023",-1.22%
"Nov 08, 2023",-4.64%
"Nov 07, 2023",+2.13%
"Nov 06, 2023",-1.17%
"Nov 05, 2023",-5.32%
"Nov 02, 2023",-7.01%
"Nov 01, 2023",+6.13%
"Oct 31, 2023",+13.97%
"Oct 30, 2023",+4.97%
"Oct 29, 2023",+0.53%
"Oct 27, 2023",-1.55%
"Oct 26, 2023",+8.12%
"Oct 25, 2023",-0.28%
"Oct 24, 2023",-5.54%
"Oct 23, 2023",+2.43%
"Oct 22, 2023",+1.37%
"Oct 20, 2023",-1.35%
"Oct 19, 2023",+5.41%
"Oct 18, 2023",+7.67%
"Oct 17, 2023",+4.82%
"Oct 16, 2023",+0.81%
"Oct 15, 2023",-4.19%
"Oct 13, 2023",+1.90%
"Oct 12, 2023",+2.60%
"Oct 11, 2023",-2.22%
"Oct 10, 2023",0.00%
"Oct 09, 2023",-4.55%
"Oct 06, 2023",-0.30%
"Oct 05, 2023",-3.78%
"Oct 04, 2023",+6.50%
"Oct 03, 2023",-2.12%
"Oct 02, 2023",+1.85%
"Oct 01, 2023",+1.25%
"Sep 29, 2023",+4.92%
"Sep 28, 2023",+4.81%
"Sep 27, 2023",-1.36%
"Sep 26, 2023",+1.03%
"Sep 25, 2023",-0.85%
"Sep 24, 2023",-3.76%
"Sep 22, 2023",+0.33%
"Sep 21, 2023",+7.39%
"Sep 20, 2023",-0.35%
"Sep 19, 2023",+1.60%
"Sep 18, 2023",+2.00%
"Sep 15, 2023",-0.72%
"Sep 14, 2023",+0.36%
"Sep 13, 2023",+1.85%
"Sep 12, 2023",-5.24%
"Sep 11, 2023",+13.04%
"Sep 10, 2023",+16.59%
"Sep 08, 2023",-3.56%
"Sep 07, 2023",-0.44%
"Sep 06, 2023",-1.74%
"Sep 05, 2023",+4.55%
"Sep 04, 2023",+1.62%
"Sep 03, 2023",+2.61%
"Sep 01, 2023",-6.22%
"Aug 31, 2023",-4.66%
"Aug 30, 2023",+4.42%
"Aug 29, 2023",-4.24%
"Aug 28, 2023",+1.51%
"Aug 27, 2023",-1.06%
"Aug 25, 2023",+3.98%
"Aug 24, 2023",-7.76%
"Aug 23, 2023",+2.51%
"Aug 22, 2023",+3.91%
"Aug 21, 2023",+8.75%
"Aug 20, 2023",-1.63%
"Aug 18, 2023",-4.87%
"Aug 17, 2023",+7.11%
"Aug 16, 2023",+4.98%
"Aug 15, 2023",-2.43%
"Aug 14, 2023",+2.23%
"Aug 13, 2023",+8.33%
"Aug 10, 2023",+7.51%
"Aug 09, 2023",-11.73%
"Aug 08, 2023",-3.92%
"Aug 07, 2023",+2.51%
"Aug 06, 2023",-7.44%
"Aug 04, 2023",0.00%
"Aug 03, 2023",+13.16%
"Aug 02, 2023",+7.95%
"Aug 01, 2023",-4.35%
"Jul 31, 2023",+6.67%
"Jul 30, 2023",+10.58%
"Jul 28, 2023",+64.21%
"Jul 27, 2023",-1.04%
"Jul 26, 2023",-10.28%
"Jul 25, 2023",+3.88%
"Jul 24, 2023",+5.10%
"Jul 23, 2023",-18.33%
"Jul 21, 2023",+8.11%
"Jul 20, 2023",-3.48%
"Jul 19, 2023",-11.54%
"Jul 18, 2023",+9.70%
"Jul 17, 2023",-8.85%
"Jul 14, 2023",+0.78%
"Jul 13, 2023",-5.15%
"Jul 12, 2023",+40.21%
"Jul 11, 2023",-25.38%
"Jul 10, 2023",+17.65%
"Jul 09, 2023",+10.50%
"Jul 07, 2023",+42.86%
"Jul 06, 2023",+25.00%
"Jul 05, 2023",-1.75%
"Jul 04, 2023",-5.00%
"Jul 03, 2023",+7.14%
"Jul 02, 2023",-6.67%
"Jun 30, 2023",-1.64%
"Jun 29, 2023",-10.29%
"Jun 28, 2023",+23.64%
"Jun 27, 2023",+14.58%
"Jun 26, 2023",-4.95%
"Jun 25, 2023",-11.40%
"Jun 23, 2023",-17.39%
"Jun 22, 2023",-4.17%
"Jun 21, 2023",-5.26%
"Jun 20, 2023",0.00%
"Jun 19, 2023",+14.29%
"Jun 18, 2023",-12.50%
"Jun 16, 2023",-10.59%
"Jun 15, 2023",0.00%
"Jun 14, 2023",+21.43%
"Jun 13, 2023",-12.50%
"Jun 12, 2023",+11.89%
"Jun 11, 2023",-15.88%
"Jun 09, 2023",0.00%
"Jun 08, 2023",+10.39%
"Jun 07, 2023",-9.41%
"Jun 06, 2023",-5.56%
"Jun 05, 2023",+12.50%
"Jun 04, 2023",+8.11%
"Jun 02, 2023",-8.64%
"Jun 01, 2023",-6.90%
"May 31, 2023",-12.12%
"May 30, 2023",-1.98%
"May 29, 2023",-4.72%
"May 26, 2023",-9.40%
"May 25, 2023",+15.84%
"May 24, 2023",+1.00%
"May 23, 2023",+8.70%
"May 22, 2023",-4.66%
"May 21, 2023",-8.96%
"May 19, 2023",+3.92%
"May 18, 2023",+13.33%
"May 17, 2023",-19.64%
"May 16, 2023",-1.75%
"May 15, 2023",+5.07%
"May 14, 2023",+7.43%
"May 12, 2023",-4.72%
"May 11, 2023",-11.67%
"May 10, 2023",-8.40%
"May 09, 2023",+11.02%
"May 08, 2023",+6.31%
"May 07, 2023",-7.50%
"May 02, 2023",+13.21%
"May 01, 2023",+13.37%
"Apr 30, 2023",-14.22%
"Apr 28, 2023",-26.85%
"Apr 27, 2023",-1.32%
"Apr 26, 2023",-6.79%
"Apr 25, 2023",+1.89%
"Apr 24, 2023",-0.93%
"Apr 23, 2023",0.00%
"Apr 21, 2023",-3.01%
"Apr 20, 2023",-0.60%
"Apr 19, 2023",+1.21%
"Apr 18, 2023",-2.94%
"Apr 17, 2023",+5.59%
"Apr 16, 2023",+3.21%
"Apr 14, 2023",-2.50%
"Apr 13, 2023",+0.63%
"Apr 12, 2023",+21.37%
"Apr 11, 2023",-12.67%
"Apr 10, 2023",+0.67%
"Apr 09, 2023",+2.76%
"Apr 07, 2023",-3.97%
"Apr 06, 2023",-5.03%
"Apr 05, 2023",+9.66%
"Apr 04, 2023",+21.85%
"Apr 03, 2023",+21.43%
"Apr 02, 2023",+8.89%
"Mar 31, 2023",0.00%
"Mar 30, 2023",+12.50%
"Mar 29, 2023",0.00%
"Mar 28, 2023",+17.65%
"Mar 27, 2023",+16.24%
"Mar 26, 2023",-11.36%
"Mar 24, 2023",-17.50%
"Mar 23, 2023",-17.53%
"Mar 22, 2023",+14.12%
"Mar 21, 2023",+23.19%
"Mar 20, 2023",-14.29%
"Mar 19, 2023",-21.84%
"Mar 17, 2023",-3.74%
"Mar 16, 2023",-17.05%
"Mar 15, 2023",+6.61%
"Mar 14, 2023",-28.82%
"Mar 13, 2023",-4.49%
"Mar 12, 2023",-8.72%
"Mar 10, 2023",-14.85%
"Mar 09, 2023",+14.50%
"Mar 08, 2023",0.00%
"Mar 07, 2023",-4.76%
"Mar 06, 2023",+8.81%
"Mar 05, 2023",-1.53%
"Mar 03, 2023",-2.49%
"Mar 02, 2023",-1.47%
"Mar 01, 2023",-5.56%
"Feb 28, 2023",-6.09%
"Feb 27, 2023",+4.07%
"Feb 26, 2023",-1.78%
"Feb 24, 2023",-6.05%
"Feb 23, 2023",-2.24%
"Feb 22, 2023",+4.26%
"Feb 21, 2023",+6.82%
"Feb 20, 2023",+7.32%
"Feb 19, 2023",-4.21%
"Feb 17, 2023",+9.74%
"Feb 16, 2023",-0.51%
"Feb 15, 2023",+3.16%
"Feb 14, 2023",+2.70%
"Feb 13, 2023",-9.31%
"Feb 12, 2023",+2.00%
"Feb 10, 2023",-2.44%
"Feb 09, 2023",+10.22%
"Feb 08, 2023",+3.33%
"Feb 07, 2023",+5.88%
"Feb 06, 2023",+5.92%
"Feb 05, 2023",0.00%
"Feb 03, 2023",-12.97%
"Feb 02, 2023",+1.09%
"Feb 01, 2023",-4.19%
"Jan 31, 2023",+5.52%
"Jan 30, 2023",-2.95%
"Jan 29, 2023",-4.85%
"Jan 27, 2023",+5.95%
"Jan 26, 2023",-0.54%
"Jan 25, 2023",+2.76%
"Jan 24, 2023",+9.04%
"Jan 23, 2023",-13.32%
"Jan 22, 2023",-2.79%
"Jan 20, 2023",-10.05%
"Jan 19, 2023",-5.60%
"Jan 18, 2023",-27.73%
"Jan 17, 2023",+1.58%
"Jan 16, 2023",0.00%
"Jan 15, 2023",+15.33%
"Jan 13, 2023",0.00%
"Jan 12, 2023",+19.13%
"Jan 11, 2023",+0.88%
"Jan 10, 2023",+20.95%
"Jan 09, 2023",-3.33%
"Jan 06, 2023",-7.14%
"Jan 05, 2023",-6.67%
"Jan 04, 2023",-3.23%
"Jan 03, 2023",+1.09%
"Dec 30, 2022",-4.17%
"Dec 29, 2022",-2.04%
"Dec 28, 2022",0.00%
"Dec 27, 2022",+2.94%
"Dec 26, 2022",+23.32%
"Dec 25, 2022",-5.85%
"Dec 23, 2022",-6.82%
"Dec 22, 2022",-7.56%
"Dec 21, 2022",+35.23%
"Dec 20, 2022",+21.38%
"Dec 19, 2022",+11.97%
"Dec 18, 2022",+2.78%
"Dec 16, 2022",-3.08%
"Dec 15, 2022",+4.00%
"Dec 14, 2022",-3.85%
"Dec 13, 2022",+4.00%
"Dec 12, 2022",0.00%
"Dec 11, 2022",+4.58%
"Dec 09, 2022",-7.69%
"Dec 08, 2022",+4.00%
"Dec 07, 2022",-3.85%
"Dec 06, 2022",+10.17%
"Dec 05, 2022",+11.85%
"Dec 04, 2022",-2.31%
"Dec 02, 2022",+2.86%
"Dec 01, 2022",-8.70%
"Nov 30, 2022",+4.55%
"Nov 29, 2022",+10.00%
"Nov 28, 2022",+2.56%
"Nov 27, 2022",-2.50%
"Nov 25, 2022",+25.00%
"Nov 24, 2022",+5.96%
"Nov 23, 2022",-11.18%
"Nov 22, 2022",0.00%
"Nov 21, 2022",+0.59%
"Nov 20, 2022",-6.11%
"Nov 18, 2022",+28.57%
"Nov 17, 2022",0.00%
"Nov 16, 2022",-1.41%
"Nov 15, 2022",+9.23%
"Nov 14, 2022",+32.65%
"Nov 13, 2022",-2.00%
"Nov 11, 2022",-23.08%
"Nov 10, 2022",-7.14%
"Nov 09, 2022",-17.65%
"Nov 08, 2022",0.00%
"Nov 07, 2022",-6.59%
"Nov 06, 2022",+1.11%
"Nov 04, 2022",+2.27%
"Nov 03, 2022",+17.33%
"Nov 02, 2022",0.00%
"Nov 01, 2022",-6.25%
"Oct 31, 2022",+1.27%
"Oct 30, 2022",+3.95%
"Oct 28, 2022",+18.75%
"Oct 27, 2022",-31.91%
"Oct 26, 2022",-20.34%
"Oct 25, 2022",-15.11%
"Oct 24, 2022",+3.73%
"Oct 23, 2022",0.00%
"Oct 21, 2022",+3.88%
"Oct 20, 2022",+24.04%
"Oct 19, 2022",+10.64%
"Oct 18, 2022",0.00%
"Oct 17, 2022",+11.90%
"Oct 16, 2022",+25.37%
"Oct 14, 2022",-4.29%
"Oct 13, 2022",+16.67%
"Oct 12, 2022",0.00%
"Oct 11, 2022",+3.45%
"Oct 10, 2022",+16.00%
"Oct 07, 2022",+25.00%
"Oct 06, 2022",0.00%
"Oct 05, 2022",0.00%
"Oct 04, 2022",-27.27%
"Oct 03, 2022",-5.98%
"Oct 02, 2022",-11.36%
"Sep 30, 2022",-17.50%
"Sep 29, 2022",-3.61%
"Sep 28, 2022",-12.63%
"Sep 27, 2022",+35.71%
"Sep 26, 2022",+23.89%
"Sep 25, 2022",+17.71%
"Sep 22, 2022",-25.00%
"Sep 21, 2022",+16.36%
"Sep 20, 2022",+3.77%
"Sep 19, 2022",-3.64%
"Sep 16, 2022",+10.00%
"Sep 15, 2022",+13.64%
"Sep 14, 2022",+25.71%
"Sep 13, 2022",-30.00%
"Sep 12, 2022",+9.89%
"Sep 11, 2022",0.00%
"Sep 09, 2022",+60.71%
"Sep 08, 2022",+3.70%
"Sep 07, 2022",+35.00%
"Sep 06, 2022",+42.86%
"Sep 05, 2022",+12.00%
"Sep 04, 2022",-37.50%
"Sep 02, 2022",+25.00%
"Sep 01, 2022",+60.00%
"Aug 31, 2022",0.00%
"Aug 30, 2022",-60.00%
"Aug 29, 2022",+51.52%
"Aug 28, 2022",+10.00%
"Aug 26, 2022",-34.78%
"Aug 25, 2022",+76.92%
"Aug 24, 2022",+62.50%
"Aug 23, 2022",-27.27%
"Aug 22, 2022",+37.50%
"Aug 21, 2022",-277.78%
"Aug 19, 2022",-250.00%
"Aug 18, 2022",-160.00%
"Aug 17, 2022",-44.44%
"Aug 16, 2022",+80.00%
"Aug 15, 2022",0.00%
"Aug 12, 2022",-50.00%
"Aug 11, 2022",-9.09%
"Aug 10, 2022",-69.44%
"Aug 09, 2022",+2.86%
"Aug 08, 2022",+40.00%
"Aug 07, 2022",-28.57%
"Aug 05, 2022",+20.69%
"Aug 04, 2022",+45.00%
"Aug 03, 2022",-23.08%
"Aug 02, 2022",+30.00%
"Aug 01, 2022",+33.33%
"Jul 31, 2022",-40.00%
"Jul 29, 2022",+177.78%
"Jul 28, 2022",+800.00%
"Jul 27, 2022",-86.67%
"Jul 26, 2022",+650.00%
"Jul 25, 2022",-91.67%
"Jul 24, 2022",-300.00%
"Jul 22, 2022",-68.42%
"Jul 21, 2022",-32.14%
"Jul 20, 2022",+16.67%
"Jul 19, 2022",-11.11%
"Jul 18, 2022",-6.90%
"Jul 15, 2022",-9.38%
"Jul 14, 2022",+33.33%
"Jul 13, 2022",+14.29%
"Jul 12, 2022",-27.59%
"Jul 11, 2022",+45.00%
"Jul 10, 2022",+11.11%
"Jul 08, 2022",+100.00%
"Jul 07, 2022",0.00%
"Jul 06, 2022",-35.71%
"Jul 05, 2022",+7.69%
"Jul 04, 2022",-533.33%
"Jul 03, 2022",-137.50%
"Jul 01, 2022",-61.90%
"Jun 30, 2022",-43.24%
"Jun 29, 2022",-22.92%
"Jun 28, 2022",+20.00%
"Jun 27, 2022",+6.67%
"Jun 26, 2022",+10.29%
"Jun 24, 2022",-30.61%
"Jun 23, 2022",-28.99%
"Jun 22, 2022",+4.55%
"Jun 21, 2022",-4.35%
"Jun 20, 2022",+64.29%
"Jun 19, 2022",-12.50%
"Jun 17, 2022",+26.32%
"Jun 16, 2022",-45.71%
"Jun 15, 2022",0.00%
"Jun 14, 2022",+100.00%
"Jun 13, 2022",+337.50%
"Jun 12, 2022",-300.00%
"Jun 10, 2022",-60.00%
"Jun 09, 2022",0.00%
"Jun 08, 2022",-13.04%
"Jun 07, 2022",+187.50%
"Jun 06, 2022",-33.33%
"Jun 05, 2022",-33.33%
"Jun 03, 2022",+63.64%
"Jun 02, 2022",+37.50%
"Jun 01, 2022",-200.00%
"May 31, 2022",-55.56%
"May 30, 2022",-280.00%
"May 29, 2022",+25.00%
"May 27, 2022",-200.00%
"May 26, 2022",-140.00%
"May 25, 2022",-350.00%
"May 24, 2022",-60.00%
"May 23, 2022",+42.86%
"May 22, 2022",-30.00%
"May 20, 2022",-28.57%
"May 19, 2022",-22.22%
"May 18, 2022",+80.00%
"May 17, 2022",0.00%
"May 16, 2022",+25.00%
"May 15, 2022",+14.29%
"May 13, 2022",-46.15%
"May 12, 2022",-7.14%
"May 11, 2022",-6.67%
"May 10, 2022",-21.05%
"May 09, 2022",-17.39%
"May 08, 2022",+15.00%
"May 06, 2022",-2.44%
"May 05, 2022",+70.83%
"May 02, 2022",+50.00%
"May 01, 2022",+100.00%
"Apr 28, 2022",-60.00%
"Apr 27, 2022",-23.08%
"Apr 26, 2022",-13.33%
"Apr 25, 2022",+3.45%
"Apr 24, 2022",-3.33%
"Apr 22, 2022",0.00%
"Apr 21, 2022",-54.55%
"Apr 20, 2022",+32.00%
"Apr 19, 2022",0.00%
"Apr 18, 2022",+4.17%
"Apr 17, 2022",0.00%
"Apr 15, 2022",-14.29%
"Apr 14, 2022",-3.45%
"Apr 13, 2022",+52.63%
"Apr 12, 2022",-5.00%
"Apr 11, 2022",+5.26%
"Apr 10, 2022",+35.71%
"Apr 08, 2022",-50.00%
"Apr 07, 2022",-30.00%
"Apr 06, 2022",+166.67%
"Apr 05, 2022",+7.14%
"Apr 04, 2022",-9.68%
"Apr 03, 2022",-18.42%
"Apr 01, 2022",-36.67%
"Mar 31, 2022",-25.00%
"Mar 30, 2022",-38.46%
"Mar 29, 2022",+8.33%
"Mar 28, 2022",+21.21%
"Mar 27, 2022",-1.00%
"Mar 25, 2022",+11.11%
"Mar 24, 2022",+2.27%
"Mar 23, 2022",-2.22%
"Mar 22, 2022",+11.11%
"Mar 21, 2022",+15.71%
"Mar 18, 2022",+2.94%
"Mar 17, 2022",0.00%
"Mar 16, 2022",-15.00%
"Mar 15, 2022",+60.00%
"Mar 14, 2022",+28.21%
"Mar 13, 2022",+2.63%
"Mar 11, 2022",0.00%
"Mar 10, 2022",+192.31%
"Mar 09, 2022",-230.00%
"Mar 08, 2022",-44.44%
"Mar 07, 2022",-21.74%
"Mar 06, 2022",-387.50%
"Mar 04, 2022",-20.00%
"Mar 03, 2022",-125.00%
"Mar 02, 2022",+42.86%
"Mar 01, 2022",-255.56%
"Feb 28, 2022",-61.70%
"Feb 27, 2022",-21.67%
"Feb 25, 2022",+50.00%
"Feb 24, 2022",-29.82%
"Feb 23, 2022",+18.75%
"Feb 22, 2022",-44.19%
"Feb 21, 2022",+11.69%
"Feb 20, 2022",-28.70%
"Feb 18, 2022",-8.47%
"Feb 17, 2022",+18.00%
"Feb 16, 2022",+16.28%
"Feb 15, 2022",+13.16%
"Feb 14, 2022",+55.10%
"Feb 13, 2022",-20.97%
"Feb 10, 2022",+63.16%
"Feb 09, 2022",+26.67%
"Feb 08, 2022",+66.67%
"Feb 07, 2022",+50.00%
"Feb 06, 2022",+20.00%
"Feb 04, 2022",-155.56%
"Feb 03, 2022",0.00%
"Feb 02, 2022",+125.00%
"Feb 01, 2022",-73.33%
"Jan 31, 2022",-31.82%
"Jan 30, 2022",+46.67%
"Jan 28, 2022",+50.00%
"Jan 27, 2022",-66.67%
"Jan 26, 2022",0.00%
"Jan 25, 2022",0.00%
"Jan 24, 2022",-16.67%
"Jan 23, 2022",+2.86%
"Jan 21, 2022",+16.67%
"Jan 20, 2022",-14.29%
"Jan 19, 2022",+75.00%
"Jan 18, 2022",+5.26%
"Jan 17, 2022",-9.52%
"Jan 16, 2022",+31.25%
"Jan 14, 2022",-60.00%
"Jan 13, 2022",-11.11%
"Jan 12, 2022",+55.17%
"Jan 11, 2022",-29.27%
"Jan 10, 2022",-10.87%
"Jan 07, 2022",-8.00%
"Jan 06, 2022",-23.08%
"Jan 05, 2022",-5.80%
"Jan 04, 2022",-3.50%
"Jan 03, 2022",-3.38%
"Dec 30, 2021",-11.90%
"Dec 29, 2021",0.00%
"Dec 28, 2021",0.00%
"Dec 27, 2021",-1.18%
"Dec 26, 2021",0.00%
"Dec 24, 2021",0.00%
"Dec 23, 2021",0.00%
"Dec 22, 2021",-10.53%
"Dec 21, 2021",-8.65%
"Dec 20, 2021",+1.46%
"Dec 19, 2021",+7.89%
"Dec 17, 2021",0.00%
"Dec 16, 2021",0.00%
"Dec 15, 2021",+1.06%
"Dec 14, 2021",+5.62%
"Dec 13, 2021",-0.56%
"Dec 12, 2021",+6.55%
"Dec 10, 2021",-1.18%
"Dec 09, 2021",-5.56%
"Dec 08, 2021",0.00%
"Dec 07, 2021",-10.00%
"Dec 06, 2021",-1.96%
"Dec 05, 2021",+3.03%
"Dec 03, 2021",+10.00%
"Dec 02, 2021",+4.65%
"Dec 01, 2021",-8.51%
"Nov 30, 2021",+11.90%
"Nov 29, 2021",-1.18%
"Nov 28, 2021",+6.25%
"Nov 26, 2021",+8.11%
"Nov 25, 2021",-7.50%
"Nov 24, 2021",-1.23%
"Nov 23, 2021",-3.57%
"Nov 22, 2021",-0.59%
"Nov 21, 2021",+6.96%
"Nov 19, 2021",+12.86%
"Nov 18, 2021",-11.39%
"Nov 17, 2021",0.00%
"Nov 16, 2021",-5.95%
"Nov 15, 2021",+7.01%
"Nov 14, 2021",-0.63%
"Nov 12, 2021",-5.95%
"Nov 11, 2021",-10.64%
"Nov 10, 2021",+4.44%
"Nov 09, 2021",-4.26%
"Nov 08, 2021",-7.84%
"Nov 07, 2021",+7.37%
"Nov 05, 2021",+18.75%
"Nov 04, 2021",-3.03%
"Nov 03, 2021",+4.43%
"Nov 02, 2021",+3.95%
"Nov 01, 2021",+3.40%
"Oct 31, 2021",-0.68%
"Oct 29, 2021",0.00%
"Oct 28, 2021",+23.33%
"Oct 27, 2021",+7.14%
"Oct 26, 2021",-13.85%
"Oct 25, 2021",-3.70%
"Oct 24, 2021",+2.27%
"Oct 22, 2021",-10.81%
"Oct 21, 2021",+7.25%
"Oct 20, 2021",-6.76%
"Oct 19, 2021",+4.23%
"Oct 18, 2021",-7.19%
"Oct 17, 2021",-3.16%
"Oct 15, 2021",-1.25%
"Oct 14, 2021",+1.27%
"Oct 13, 2021",0.00%
"Oct 12, 2021",0.00%
"Oct 11, 2021",-4.24%
"Oct 10, 2021",+3.13%
"Oct 08, 2021",-5.88%
"Oct 07, 2021",+6.25%
"Oct 06, 2021",-11.11%
"Oct 05, 2021",-5.26%
"Oct 04, 2021",-6.86%
"Oct 03, 2021",+7.37%
"Oct 01, 2021",+13.10%
"Sep 30, 2021",-1.18%
"Sep 29, 2021",+1.19%
"Sep 28, 2021",-6.67%
"Sep 27, 2021",-2.70%
"Sep 26, 2021",-1.60%
"Sep 24, 2021",-7.84%
"Sep 23, 2021",-1.92%
"Sep 22, 2021",+4.00%
"Sep 21, 2021",-4.76%
"Sep 20, 2021",+9.37%
"Sep 17, 2021",-4.00%
"Sep 16, 2021",-3.85%
"Sep 15, 2021",+5.05%
"Sep 14, 2021",-1.00%
"Sep 13, 2021",-0.99%
"Sep 12, 2021",+1.00%
"Sep 10, 2021",-3.85%
"Sep 09, 2021",+5.05%
"Sep 08, 2021",0.00%
"Sep 07, 2021",+3.12%
"Sep 06, 2021",-6.34%
"Sep 05, 2021",-1.44%
"Sep 03, 2021",-4.59%
"Sep 02, 2021",0.00%
"Sep 01, 2021",-6.03%
"Aug 31, 2021",+0.87%
"Aug 30, 2021",-5.74%
"Aug 29, 2021",+9.91%
"Aug 27, 2021",-3.48%
"Aug 26, 2021",0.00%
"Aug 25, 2021",-3.36%
"Aug 24, 2021",-1.65%
"Aug 23, 2021",-4.72%
"Aug 22, 2021",-1.55%
"Aug 20, 2021",0.00%
"Aug 19, 2021",0.00%
"Aug 18, 2021",-0.77%
"Aug 17, 2021",+0.78%
"Aug 16, 2021",+3.20%
"Aug 15, 2021",+4.17%
"Aug 13, 2021",+0.84%
"Aug 12, 2021",+4.39%
"Aug 11, 2021",-4.20%
"Aug 10, 2021",-2.06%
"Aug 09, 2021",-5.81%
"Aug 06, 2021",-3.73%
"Aug 05, 2021",0.00%
"Aug 04, 2021",+3.88%
"Aug 03, 2021",+4.03%
"Aug 02, 2021",0.00%
"Jul 30, 2021",0.00%
"Jul 29, 2021",-3.88%
"Jul 28, 2021",+4.03%
"Jul 27, 2021",-3.88%
"Jul 26, 2021",-0.77%
"Jul 25, 2021",0.00%
"Jul 21, 2021",0.00%
"Jul 20, 2021",+4.84%
"Jul 19, 2021",-2.75%
"Jul 18, 2021",+6.25%
"Jul 16, 2021",-4.00%
"Jul 15, 2021",+0.81%
"Jul 14, 2021",+4.20%
"Jul 13, 2021",+4.39%
"Jul 12, 2021",+0.88%
"Jul 11, 2021",-1.74%
"Jul 09, 2021",-4.17%
"Jul 08, 2021",+8.11%
"Jul 07, 2021",+0.91%
"Jul 06, 2021",-4.35%
"Jul 05, 2021",-2.13%
"Jul 04, 2021",+2.17%
"Jul 02, 2021",+4.55%
"Jul 01, 2021",+10.00%
"Jun 30, 2021",0.00%
"Jun 29, 2021",+5.26%
"Jun 28, 2021",-6.86%
"Jun 27, 2021",+2.00%
"Jun 25, 2021",+5.26%
"Jun 24, 2021",0.00%
"Jun 23, 2021",0.00%
"Jun 22, 2021",-9.52%
"Jun 21, 2021",+2.44%
"Jun 20, 2021",+2.50%
"Jun 18, 2021",+4.17%
"Jun 17, 2021",-12.73%
"Jun 16, 2021",-3.51%
"Jun 15, 2021",-0.87%
"Jun 14, 2021",0.00%
"Jun 13, 2021",-4.17%
"Jun 11, 2021",+4.35%
"Jun 10, 2021",+10.58%
"Jun 09, 2021",+4.00%
"Jun 08, 2021",0.00%
"Jun 07, 2021",-1.96%
"Jun 06, 2021",+7.37%
"Jun 04, 2021",-1.04%
"Jun 03, 2021",+1.05%
"Jun 02, 2021",-1.04%
"Jun 01, 2021",+1.05%
"May 31, 2021",-2.06%
"May 30, 2021",+2.11%
"May 28, 2021",-5.00%
"May 27, 2021",0.00%
"May 26, 2021",+2.04%
"May 25, 2021",+3.16%
"May 24, 2021",-2.06%
"May 23, 2021",+7.78%
"May 21, 2021",0.00%
"May 20, 2021",-5.26%
"May 19, 2021",-1.04%
"May 18, 2021",-4.00%
"May 17, 2021",-1.96%
"May 16, 2021",+7.37%
"May 14, 2021",+11.76%
"May 13, 2021",-10.53%
"May 12, 2021",-5.00%
"May 11, 2021",+5.26%
"May 10, 2021",-3.55%
"May 09, 2021",+3.68%
"May 07, 2021",0.00%
"May 06, 2021",-2.56%
"May 05, 2021",+3.72%
"Apr 30, 2021",-2.08%
"Apr 29, 2021",+6.67%
"Apr 28, 2021",-10.00%
"Apr 27, 2021",-3.85%
"Apr 26, 2021",-6.73%
"Apr 25, 2021",+6.19%
"Apr 23, 2021",0.00%
"Apr 22, 2021",+0.96%
"Apr 21, 2021",+9.47%
"Apr 20, 2021",-1.04%
"Apr 19, 2021",-7.69%
"Apr 18, 2021",+4.00%
"Apr 16, 2021",0.00%
"Apr 15, 2021",-0.99%
"Apr 14, 2021",+7.45%
"Apr 13, 2021",0.00%
"Apr 12, 2021",0.00%
"Apr 11, 2021",+3.30%
"Apr 09, 2021",-10.78%
"Apr 08, 2021",+14.61%
"Apr 07, 2021",+4.71%
"Apr 06, 2021",+7.59%
"Apr 05, 2021",-4.24%
"Apr 04, 2021",-1.79%
"Apr 02, 2021",+6.33%
"Apr 01, 2021",-15.05%
"Mar 31, 2021",-1.06%
"Mar 30, 2021",-9.62%
"Mar 29, 2021",+7.77%
"Mar 28, 2021",-1.53%
"Mar 26, 2021",+4.26%
"Mar 25, 2021",-8.74%
"Mar 24, 2021",+10.75%
"Mar 23, 2021",-3.12%
"Mar 22, 2021",+3.23%
"Mar 21, 2021",+19.23%
"Mar 19, 2021",-15.22%
"Mar 18, 2021",-1.08%
"Mar 17, 2021",-1.06%
"Mar 16, 2021",+6.82%
"Mar 15, 2021",+15.79%
"Mar 14, 2021",+2.70%
"Mar 12, 2021",-5.13%
"Mar 11, 2021",+18.18%
"Mar 10, 2021",+8.20%
"Mar 09, 2021",-11.59%
"Mar 08, 2021",-14.29%
"Mar 07, 2021",-13.44%
"Mar 05, 2021",+36.76%
"Mar 04, 2021",-1.45%
"Mar 03, 2021",-6.76%
"Mar 02, 2021",+21.31%
"Mar 01, 2021",-12.86%
"Feb 28, 2021",+42.86%
"Feb 26, 2021",-7.55%
"Feb 25, 2021",-18.46%
"Feb 24, 2021",-9.72%
"Feb 23, 2021",+5.88%
"Feb 22, 2021",-7.48%
"Feb 21, 2021",-0.68%
"Feb 19, 2021",-10.84%
"Feb 18, 2021",+6.41%
"Feb 17, 2021",-17.89%
"Feb 16, 2021",-7.77%
"Feb 15, 2021",-5.94%
"Feb 14, 2021",+0.46%
"Feb 12, 2021",+2.35%
"Feb 11, 2021",+15.76%
"Feb 10, 2021",-2.13%
"Feb 09, 2021",-4.08%
"Feb 08, 2021",-6.22%
"Feb 07, 2021",+1.46%
"Feb 05, 2021",-3.74%
"Feb 04, 2021",-0.93%
"Feb 03, 2021",+3.85%
"Feb 02, 2021",-0.95%
"Feb 01, 2021",-2.33%
"Jan 31, 2021",-1.38%
"Jan 29, 2021",-0.91%
"Jan 28, 2021",-3.51%
"Jan 27, 2021",-4.20%
"Jan 26, 2021",+1.71%
"Jan 25, 2021",-2.90%
"Jan 24, 2021",+9.55%
"Jan 22, 2021",-5.98%
"Jan 21, 2021",+3.54%
"Jan 20, 2021",+8.65%
"Jan 19, 2021",+6.12%
"Jan 18, 2021",+4.81%
"Jan 17, 2021",-9.22%
"Jan 15, 2021",+4.04%
"Jan 14, 2021",-12.39%
"Jan 13, 2021",+0.89%
"Jan 12, 2021",+6.67%
"Jan 11, 2021",+1.94%
"Jan 08, 2021",+5.10%
"Jan 07, 2021",-9.26%
"Jan 06, 2021",-8.47%
"Jan 05, 2021",+13.46%
"Jan 04, 2021",-6.73%
"Jan 03, 2021",+3.24%
"Dec 30, 2020",-4.42%
"Dec 29, 2020",0.00%
"Dec 28, 2020",-1.31%
"Dec 27, 2020",+5.05%
"Dec 25, 2020",-3.54%
"Dec 24, 2020",-8.13%
"Dec 23, 2020",+3.36%
"Dec 22, 2020",-0.83%
"Dec 21, 2020",-5.51%
"Dec 20, 2020",+3.25%
"Dec 18, 2020",+7.89%
"Dec 17, 2020",-3.39%
"Dec 16, 2020",-5.60%
"Dec 15, 2020",0.00%
"Dec 14, 2020",-1.96%
"Dec 13, 2020",+3.66%
"Dec 11, 2020",+8.85%
"Dec 10, 2020",0.00%
"Dec 09, 2020",-0.88%
"Dec 08, 2020",+5.56%
"Dec 07, 2020",+0.93%
"Dec 06, 2020",-0.93%
"Dec 04, 2020",+4.85%
"Dec 03, 2020",-0.96%
"Dec 02, 2020",-3.70%
"Dec 01, 2020",+4.85%
"Nov 30, 2020",-4.63%
"Nov 29, 2020",+3.85%
"Nov 27, 2020",-3.70%
"Nov 26, 2020",-4.42%
"Nov 25, 2020",0.00%
"Nov 24, 2020",-7.38%
"Nov 23, 2020",-1.61%
"Nov 20, 2020",+7.83%
"Nov 19, 2020",+0.88%
"Nov 18, 2020",+3.64%
"Nov 17, 2020",-2.65%
"Nov 16, 2020",+0.89%
"Nov 15, 2020",+2.75%
"Nov 13, 2020",+5.83%
"Nov 12, 2020",+10.75%
"Nov 11, 2020",-5.10%
"Nov 10, 2020",-14.04%
"Nov 09, 2020",+1.79%
"Nov 08, 2020",-1.75%
"Nov 06, 2020",+4.59%
"Nov 05, 2020",+14.74%
"Nov 04, 2020",+14.46%
"Nov 03, 2020",-8.79%
"Nov 02, 2020",-2.15%
"Oct 30, 2020",-9.71%
"Oct 29, 2020",0.00%
"Oct 28, 2020",+5.10%
"Oct 27, 2020",0.00%
"Oct 26, 2020",-6.67%
"Oct 25, 2020",+12.90%
"Oct 23, 2020",-7.00%
"Oct 22, 2020",+2.04%
"Oct 21, 2020",-10.09%
"Oct 20, 2020",+0.93%
"Oct 19, 2020",-7.69%
"Oct 18, 2020",+7.34%
"Oct 16, 2020",0.00%
"Oct 15, 2020",+10.10%
"Oct 14, 2020",-3.88%
"Oct 13, 2020",+4.04%
"Oct 12, 2020",-1.00%
"Oct 11, 2020",+2.04%
"Oct 09, 2020",-6.67%
"Oct 08, 2020",+12.90%
"Oct 07, 2020",-1.06%
"Oct 06, 2020",-12.96%
"Oct 05, 2020",-3.57%
"Oct 04, 2020",-1.75%
"Oct 02, 2020",+5.56%
"Oct 01, 2020",-4.42%
"Sep 30, 2020",+0.89%
"Sep 29, 2020",+7.69%
"Sep 28, 2020",-16.47%
"Sep 27, 2020",+5.51%
"Sep 25, 2020",0.00%
"Sep 24, 2020",-7.81%
"Sep 23, 2020",+2.81%
"Sep 22, 2020",+6.41%
"Sep 18, 2020",+6.36%
"Sep 17, 2020",+2.80%
"Sep 16, 2020",+8.08%
"Sep 15, 2020",+1.02%
"Sep 14, 2020",-1.01%
"Sep 13, 2020",+5.32%
"Sep 11, 2020",+6.82%
"Sep 10, 2020",0.00%
"Sep 09, 2020",+4.76%
"Sep 08, 2020",+2.44%
"Sep 07, 2020",+7.19%
"Sep 06, 2020",-7.83%
"Sep 04, 2020",-1.19%
"Sep 03, 2020",+12.00%
"Sep 02, 2020",+1.35%
"Sep 01, 2020",+8.82%
"Aug 31, 2020",-8.72%
"Aug 30, 2020",+18.25%
"Aug 28, 2020",-19.23%
"Aug 27, 2020",+1.30%
"Aug 26, 2020",-8.33%
"Aug 25, 2020",-4.55%
"Aug 24, 2020",+1.15%
"Aug 23, 2020",+6.10%
"Aug 21, 2020",-2.38%
"Aug 20, 2020",-4.55%
"Aug 19, 2020",+4.76%
"Aug 18, 2020",+7.69%
"Aug 17, 2020",+0.65%
"Aug 16, 2020",+6.16%
"Aug 14, 2020",-13.10%
"Aug 13, 2020",+2.44%
"Aug 12, 2020",-6.82%
"Aug 11, 2020",-10.66%
"Aug 10, 2020",-8.80%
"Aug 07, 2020",+0.93%
"Aug 06, 2020",-6.96%
"Aug 05, 2020",-3.36%
"Aug 04, 2020",+6.25%
"Aug 03, 2020",-6.67%
"Aug 02, 2020",-3.23%
"Jul 31, 2020",+9.73%
"Jul 30, 2020",0.00%
"Jul 29, 2020",0.00%
"Jul 28, 2020",0.00%
"Jul 27, 2020",-7.00%
"Jul 26, 2020",+2.10%
"Jul 22, 2020",-0.83%
"Jul 21, 2020",+5.26%
"Jul 20, 2020",-3.80%
"Jul 19, 2020",-1.25%
"Jul 17, 2020",+1.69%
"Jul 16, 2020",+11.32%
"Jul 15, 2020",+0.95%
"Jul 14, 2020",+7.14%
"Jul 13, 2020",-9.26%
"Jul 12, 2020",-1.82%
"Jul 10, 2020",+1.85%
"Jul 09, 2020",+9.09%
"Jul 08, 2020",+5.32%
"Jul 07, 2020",+5.62%
"Jul 06, 2020",-10.10%
"Jul 05, 2020",-1.98%
"Jul 03, 2020",+13.48%
"Jul 02, 2020",-2.20%
"Jul 01, 2020",-6.19%
"Jun 30, 2020",-9.35%
"Jun 29, 2020",-5.73%
"Jun 28, 2020",+8.10%
"Jun 26, 2020",+6.06%
"Jun 25, 2020",-3.88%
"Jun 24, 2020",-5.50%
"Jun 23, 2020",+0.93%
"Jun 22, 2020",-5.26%
"Jun 21, 2020",+9.62%
"Jun 19, 2020",-7.96%
"Jun 18, 2020",+4.63%
"Jun 17, 2020",+4.85%
"Jun 16, 2020",-8.85%
"Jun 15, 2020",+4.63%
"Jun 12, 2020",-4.42%
"Jun 11, 2020",+14.14%
"Jun 10, 2020",-4.81%
"Jun 09, 2020",+23.81%
"Jun 08, 2020",+1.20%
"Jun 07, 2020",-2.35%
"Jun 05, 2020",-16.67%
"Jun 04, 2020",-13.56%
"Jun 03, 2020",-8.53%
"Jun 02, 2020",+0.78%
"Jun 01, 2020",-2.66%
"May 31, 2020",+6.91%
"May 29, 2020",-6.11%
"May 28, 2020",+6.50%
"May 27, 2020",-3.91%
"May 26, 2020",0.00%
"May 25, 2020",-8.90%
"May 24, 2020",+1.81%
"May 22, 2020",+7.81%
"May 21, 2020",+7.56%
"May 20, 2020",-1.65%
"May 19, 2020",-11.03%
"May 18, 2020",+16.24%
"May 17, 2020",+0.86%
"May 15, 2020",-1.69%
"May 14, 2020",+4.42%
"May 13, 2020",-4.24%
"May 12, 2020",+3.51%
"May 11, 2020",-5.00%
"May 10, 2020",-4.76%
"May 08, 2020",+7.69%
"May 07, 2020",-6.40%
"May 06, 2020",-9.42%
"May 01, 2020",-10.97%
"Apr 30, 2020",-7.74%
"Apr 29, 2020",+3.70%
"Apr 28, 2020",+2.53%
"Apr 27, 2020",+9.72%
"Apr 26, 2020",-3.36%
"Apr 24, 2020",+22.13%
"Apr 23, 2020",+6.09%
"Apr 22, 2020",+23.66%
"Apr 21, 2020",-1.06%
"Apr 20, 2020",+2.17%
"Apr 19, 2020",-6.12%
"Apr 17, 2020",-12.50%
"Apr 16, 2020",+14.29%
"Apr 15, 2020",-5.77%
"Apr 14, 2020",-11.86%
"Apr 13, 2020",-9.23%
"Apr 12, 2020",+5.69%
"Apr 10, 2020",+19.42%
"Apr 09, 2020",+15.73%
"Apr 08, 2020",-4.30%
"Apr 07, 2020",0.00%
"Apr 06, 2020",-14.68%
"Apr 05, 2020",-0.91%
"Apr 03, 2020",-9.84%
"Apr 02, 2020",0.00%
"Apr 01, 2020",+14.02%
"Mar 31, 2020",-8.55%
"Mar 30, 2020",-3.31%
"Mar 29, 2020",+18.63%
"Mar 27, 2020",-5.56%
"Mar 26, 2020",+9.09%
"Mar 25, 2020",-9.17%
"Mar 24, 2020",+60.29%
"Mar 23, 2020",-23.60%
"Mar 22, 2020",+111.90%
"Mar 19, 2020",-36.36%
"Mar 18, 2020",-31.96%
"Mar 17, 2020",-4.90%
"Mar 16, 2020",-13.56%
"Mar 15, 2020",-4.07%
"Mar 13, 2020",-34.92%
"Mar 12, 2020",-9.57%
"Mar 11, 2020",+6.09%
"Mar 10, 2020",-34.55%
"Mar 09, 2020",-10.95%
"Mar 08, 2020",+24.72%
"Mar 06, 2020",+17.32%
"Mar 05, 2020",-12.50%
"Mar 04, 2020",+13.30%
"Mar 03, 2020",-7.17%
"Mar 02, 2020",-6.69%
"Mar 01, 2020",+4.67%
"Feb 28, 2020",+24.15%
"Feb 27, 2020",+4.55%
"Feb 26, 2020",-4.35%
"Feb 25, 2020",+15.00%
"Feb 24, 2020",+13.21%
"Feb 21, 2020",+15.22%
"Feb 20, 2020",-6.12%
"Feb 19, 2020",+2.08%
"Feb 18, 2020",+12.50%
"Feb 17, 2020",+1.59%
"Feb 16, 2020",0.00%
"Feb 14, 2020",-4.55%
"Feb 13, 2020",-1.49%
"Feb 12, 2020",-8.84%
"Feb 11, 2020",-1.34%
"Feb 10, 2020",+4.93%
"Feb 09, 2020",+2.90%
"Feb 07, 2020",+13.11%
"Feb 06, 2020",-11.59%
"Feb 05, 2020",-10.39%
"Feb 04, 2020",-8.33%
"Feb 03, 2020",-7.18%
"Feb 02, 2020",+12.42%
"Jan 31, 2020",+8.78%
"Jan 30, 2020",+15.62%
"Jan 29, 2020",-0.78%
"Jan 28, 2020",-7.19%
"Jan 27, 2020",-1.42%
"Jan 26, 2020",+19.49%
"Jan 24, 2020",-0.84%
"Jan 23, 2020",+11.21%
"Jan 22, 2020",+0.94%
"Jan 21, 2020",+12.77%
"Jan 20, 2020",-9.62%
"Jan 19, 2020",+7.22%
"Jan 17, 2020",+6.59%
"Jan 16, 2020",-2.15%
"Jan 15, 2020",+4.49%
"Jan 14, 2020",-11.00%
"Jan 13, 2020",-6.54%
"Jan 10, 2020",-5.31%
"Jan 09, 2020",-3.42%
"Jan 08, 2020",+3.54%
"Jan 07, 2020",-15.67%
"Jan 06, 2020",-6.29%
"Jan 05, 2020",+11.72%
